{
  "lr": 0.0004932676148617684,
  "r": 14,
  "lora_alpha": 9,
  "lora_dropout": 0.12990192861705221,
  "use_dora": true,
  "bs": 16,
  "weight_decay": 0.0001640929169693463,
  "warmup_ratio": 0.11743046297596844
}