{
  "lr": 0.0002984003153328757,
  "r": 20,
  "lora_dropout": 0.06182242760714653,
  "bs": 8,
  "weight_decay": 8.290093143102681e-05,
  "warmup_ratio": 0.11342649425834413,
  "lora_alpha": 40
}