{
  "lr": 0.0004918937531282901,
  "r": 6,
  "lora_alpha": 14,
  "lora_dropout": 0.11276273554475238,
  "use_dora": true,
  "bs": 16,
  "weight_decay": 1.0555500549727728e-05,
  "warmup_ratio": 0.08422045852928897
}